{
  "meta_data": {
    "width": 1239,
    "height": 925,
    "channels": 3
  },
  "camera_params": {
    "f_x": 1250.0,
    "f_y": 1250.0,
    "k_1": -0.22168819,
    "k_2": -0.0805781,
    "p_1": 0.11702644,
    "p_2": -0.01788088,
    "k_3": 0.0341295
  }
}
